{"cameraMode":{"drawMode":0,"name":"Shaded","section":"Shading Mode"},"sceneLighting":false,"audioPlay":false,"sceneViewState":{"showFog":true,"showMaterialUpdate":false,"showSkybox":false,"showFlares":true,"showImageEffects":true,"showParticleSystems":true},"in2DMode":false,"pivot":{"x":-0.006460532546043396,"y":0.06998499482870102,"z":0.01863481104373932},"rotation":{"x":-0.054806679487228397,"y":0.9201291799545288,"z":-0.1393551081418991,"w":-0.36186668276786806},"size":2.0624196529388429,"orthographic":false}