{"cameraMode":{"drawMode":0,"name":"Shaded","section":"Shading Mode"},"sceneLighting":false,"audioPlay":false,"sceneViewState":{"showFog":true,"showMaterialUpdate":false,"showSkybox":false,"showFlares":true,"showImageEffects":true,"showParticleSystems":true},"in2DMode":false,"pivot":{"x":-0.07173287868499756,"y":0.009440165013074875,"z":0.025215130299329759},"rotation":{"x":0.0023187126498669388,"y":0.9942804574966431,"z":0.022067053243517877,"w":-0.1044825091958046},"size":0.2984924912452698,"orthographic":false}