{"cameraMode":{"drawMode":0,"name":"Shaded","section":"Shading Mode"},"sceneLighting":false,"audioPlay":false,"sceneViewState":{"showFog":true,"showMaterialUpdate":false,"showSkybox":false,"showFlares":true,"showImageEffects":true,"showParticleSystems":true},"in2DMode":false,"pivot":{"x":-0.042972564697265628,"y":-0.002856716513633728,"z":0.0725364163517952},"rotation":{"x":-0.10255268216133118,"y":0.7942152619361877,"z":-0.139858677983284,"w":-0.582364022731781},"size":0.2984924912452698,"orthographic":false}