{"cameraMode":{"drawMode":0,"name":"Shaded","section":"Shading Mode"},"sceneLighting":true,"audioPlay":false,"sceneViewState":{"showFog":true,"showMaterialUpdate":false,"showSkybox":true,"showFlares":true,"showImageEffects":true,"showParticleSystems":true},"in2DMode":false,"pivot":{"x":-1.9834226369857789,"y":-10.92033576965332,"z":9.606656074523926},"rotation":{"x":-0.1282980591058731,"y":0.8711279630661011,"z":-0.3177987039089203,"w":-0.3516818583011627},"size":30.902259826660158,"orthographic":false}