{"cameraMode":{"drawMode":0,"name":"Shaded","section":"Shading Mode"},"sceneLighting":false,"audioPlay":false,"sceneViewState":{"showFog":true,"showMaterialUpdate":false,"showSkybox":false,"showFlares":true,"showImageEffects":true,"showParticleSystems":true},"in2DMode":false,"pivot":{"x":1.7881393432617188e-7,"y":0.13087153434753419,"z":-0.07708367705345154},"rotation":{"x":-0.17385970056056977,"y":0.8243975639343262,"z":-0.40927889943122866,"w":-0.35020166635513308},"size":1.7624197006225587,"orthographic":false}