{"cameraMode":{"drawMode":0,"name":"Shaded","section":"Shading Mode"},"sceneLighting":false,"audioPlay":false,"sceneViewState":{"showFog":true,"showMaterialUpdate":false,"showSkybox":false,"showFlares":true,"showImageEffects":true,"showParticleSystems":true},"in2DMode":false,"pivot":{"x":19.609519958496095,"y":2.6269586086273195,"z":-1.4858274459838868},"rotation":{"x":-0.03740503638982773,"y":-0.6605778932571411,"z":0.03287124261260033,"w":-0.7491650581359863},"size":1.3385136127471924,"orthographic":false}