{"cameraMode":{"drawMode":0,"name":"Shaded","section":"Shading Mode"},"sceneLighting":true,"audioPlay":false,"sceneViewState":{"showFog":true,"showMaterialUpdate":false,"showSkybox":true,"showFlares":true,"showImageEffects":true,"showParticleSystems":true},"in2DMode":false,"pivot":{"x":16.746870040893556,"y":1.9419384002685547,"z":1.8332748413085938},"rotation":{"x":0.00932654831558466,"y":0.7399575114250183,"z":-0.010191580280661583,"w":0.6725776195526123},"size":2.08840274810791,"orthographic":true}