{"cameraMode":{"drawMode":0,"name":"Shaded","section":"Shading Mode"},"sceneLighting":false,"audioPlay":false,"sceneViewState":{"showFog":true,"showMaterialUpdate":false,"showSkybox":false,"showFlares":true,"showImageEffects":true,"showParticleSystems":true},"in2DMode":false,"pivot":{"x":-0.2374201864004135,"y":0.037767380475997928,"z":-0.18649381399154664},"rotation":{"x":-0.01488451100885868,"y":0.9185662269592285,"z":-0.03474673256278038,"w":-0.39346179366111758},"size":1.003157615661621,"orthographic":false}