{"cameraMode":{"drawMode":0,"name":"Shaded","section":"Shading Mode"},"sceneLighting":false,"audioPlay":false,"sceneViewState":{"showFog":true,"showMaterialUpdate":false,"showSkybox":false,"showFlares":true,"showImageEffects":true,"showParticleSystems":true},"in2DMode":false,"pivot":{"x":-0.410520076751709,"y":-0.031017381697893144,"z":0.5176981687545776},"rotation":{"x":-0.07546336203813553,"y":0.7373161315917969,"z":-0.08353099226951599,"w":-0.6661034226417542},"size":3.298492193222046,"orthographic":false}