{"cameraMode":{"drawMode":0,"name":"Shaded","section":"Shading Mode"},"sceneLighting":false,"audioPlay":false,"sceneViewState":{"showFog":true,"showMaterialUpdate":false,"showSkybox":false,"showFlares":true,"showImageEffects":true,"showParticleSystems":true},"in2DMode":false,"pivot":{"x":-0.1986687183380127,"y":-0.19868189096450807,"z":-0.012168917804956437},"rotation":{"x":-0.10550698637962342,"y":0.8824467658996582,"z":-0.23740650713443757,"w":-0.3921719193458557},"size":1.2375802993774415,"orthographic":false}