{"cameraMode":{"drawMode":0,"name":"Shaded","section":"Shading Mode"},"sceneLighting":false,"audioPlay":false,"sceneViewState":{"showFog":true,"showMaterialUpdate":false,"showSkybox":false,"showFlares":true,"showImageEffects":true,"showParticleSystems":true},"in2DMode":false,"pivot":{"x":635.7538452148438,"y":375.0201110839844,"z":61.42913818359375},"rotation":{"x":-0.14372815191745759,"y":0.03324160724878311,"z":-0.004830604884773493,"w":-0.989047110080719},"size":773.5289306640625,"orthographic":false}