{"cameraMode":{"drawMode":0,"name":"Shaded","section":"Shading Mode"},"sceneLighting":false,"audioPlay":false,"sceneViewState":{"showFog":true,"showMaterialUpdate":false,"showSkybox":false,"showFlares":true,"showImageEffects":true,"showParticleSystems":true},"in2DMode":false,"pivot":{"x":1.7881393432617188e-7,"y":0.13087153434753419,"z":-0.07708367705345154},"rotation":{"x":-0.32049381732940676,"y":0.6592610478401184,"z":-0.37033793330192568,"w":-0.5705490112304688},"size":1.7624197006225587,"orthographic":false}