{"cameraMode":{"drawMode":0,"name":"Shaded","section":"Shading Mode"},"sceneLighting":false,"audioPlay":false,"sceneViewState":{"showFog":true,"showMaterialUpdate":false,"showSkybox":false,"showFlares":true,"showImageEffects":true,"showParticleSystems":true},"in2DMode":false,"pivot":{"x":16.786880493164064,"y":0.6710000038146973,"z":1.7949999570846558},"rotation":{"x":0.19721022248268128,"y":0.7865448594093323,"z":-0.3139657974243164,"w":0.4939322769641876},"size":22.0,"orthographic":false}