{"cameraMode":{"drawMode":0,"name":"Shaded","section":"Shading Mode"},"sceneLighting":false,"audioPlay":false,"sceneViewState":{"showFog":true,"showMaterialUpdate":false,"showSkybox":false,"showFlares":true,"showImageEffects":true,"showParticleSystems":true},"in2DMode":false,"pivot":{"x":-0.08211292326450348,"y":0.08249831199645996,"z":0.08664467930793762},"rotation":{"x":-0.06751836836338043,"y":0.8565891981124878,"z":-0.4982263743877411,"w":-0.116084523499012},"size":0.5624197721481323,"orthographic":false}