{"cameraMode":{"drawMode":0,"name":"Shaded","section":"Shading Mode"},"sceneLighting":true,"audioPlay":false,"sceneViewState":{"showFog":true,"showMaterialUpdate":false,"showSkybox":true,"showFlares":true,"showImageEffects":true,"showParticleSystems":true},"in2DMode":false,"pivot":{"x":-24.375404357910158,"y":-20.70553970336914,"z":1.7291624546051026},"rotation":{"x":-0.17836247384548188,"y":0.6850072145462036,"z":-0.17879050970077516,"w":-0.6833664774894714},"size":46.265377044677737,"orthographic":false}