{"cameraMode":{"drawMode":0,"name":"Shaded","section":"Shading Mode"},"sceneLighting":true,"audioPlay":false,"sceneViewState":{"showFog":true,"showMaterialUpdate":false,"showSkybox":true,"showFlares":true,"showImageEffects":true,"showParticleSystems":true},"in2DMode":false,"pivot":{"x":0.03328772634267807,"y":-0.323322594165802,"z":0.25775647163391116},"rotation":{"x":-0.04415641725063324,"y":0.9262499809265137,"z":-0.11479794234037399,"w":-0.35627689957618716},"size":4.82203483581543,"orthographic":false}