{"cameraMode":{"drawMode":0,"name":"Shaded","section":"Shading Mode"},"sceneLighting":true,"audioPlay":false,"sceneViewState":{"showFog":true,"showMaterialUpdate":false,"showSkybox":true,"showFlares":true,"showImageEffects":true,"showParticleSystems":true},"in2DMode":false,"pivot":{"x":5.803499221801758,"y":-4.2577009201049809,"z":11.99611759185791},"rotation":{"x":-0.1764453947544098,"y":0.5038968324661255,"z":-0.10598914325237274,"w":-0.8388918042182922},"size":26.6234073638916,"orthographic":false}