{"cameraMode":{"drawMode":0,"name":"Shaded","section":"Shading Mode"},"sceneLighting":false,"audioPlay":false,"sceneViewState":{"showFog":true,"showMaterialUpdate":false,"showSkybox":false,"showFlares":true,"showImageEffects":true,"showParticleSystems":true},"in2DMode":false,"pivot":{"x":434.7160339355469,"y":331.13037109375,"z":-5.779296875},"rotation":{"x":-0.14825589954853059,"y":-0.008309953846037388,"z":0.001245872350409627,"w":-0.9889141321182251},"size":528.467041015625,"orthographic":false}