{"cameraMode":{"drawMode":0,"name":"Shaded","section":"Shading Mode"},"sceneLighting":false,"audioPlay":false,"sceneViewState":{"showFog":true,"showMaterialUpdate":false,"showSkybox":false,"showFlares":true,"showImageEffects":true,"showParticleSystems":true},"in2DMode":false,"pivot":{"x":13.16100025177002,"y":0.5180000066757202,"z":-0.013000000268220902},"rotation":{"x":0.1279435008764267,"y":0.6952428817749023,"z":-0.1277778595685959,"w":0.6957215666770935},"size":0.2875324487686157,"orthographic":false}