{"cameraMode":{"drawMode":0,"name":"Shaded","section":"Shading Mode"},"sceneLighting":true,"audioPlay":false,"sceneViewState":{"showFog":true,"showMaterialUpdate":false,"showSkybox":true,"showFlares":true,"showImageEffects":true,"showParticleSystems":true},"in2DMode":false,"pivot":{"x":14.049970626831055,"y":-1.4263561964035035,"z":-0.2779372036457062},"rotation":{"x":-0.30136987566947939,"y":0.6748791337013245,"z":-0.3554864525794983,"w":-0.5721437931060791},"size":7.7633442878723148,"orthographic":false}