{"cameraMode":{"drawMode":0,"name":"Shaded","section":"Shading Mode"},"sceneLighting":false,"audioPlay":false,"sceneViewState":{"showFog":true,"showMaterialUpdate":false,"showSkybox":false,"showFlares":true,"showImageEffects":true,"showParticleSystems":true},"in2DMode":false,"pivot":{"x":-0.20988796651363374,"y":-0.057015806436538699,"z":-0.19213713705539704},"rotation":{"x":-0.04511439427733421,"y":0.9163877367973328,"z":-0.10799659788608551,"w":-0.3828050494194031},"size":0.6375802755355835,"orthographic":false}